Customer_No,Gender,Age,Total,MarkDown1,MarkDown2,MarkDown3,MarkDown4,MarkDown5,R,F,M
1,M,24,1133.23,738.19,2.13,0.06,157.64,235.21,3,4,114
2,M,24,192.79,1.72,19.75,5.06,0,166.25,6,8,18
3,F,64,743.74,233.88,0,0,0,509.86,5,6,43
4,F,22,1621.31,869.91,137.57,18.61,272.38,322.84,1,9,9
5,F,34,671.44,228.59,42.47,1.62,73.69,325.07,3,6,60
6,M,61,429.58,81.98,313.28,0,3.53,30.78,6,3,37
7,F,61,393.11,88.28,2.16,0.39,0,302.29,5,4,69
8,M,20,714.84,345.41,33.45,0.06,100.84,235.07,4,8,27
9,M,34,702.76,402.89,6.36,0.2,126.23,167.07,5,2,21
10,M,43,2784.28,215.4,1880.32,0.99,124.53,563.04,4,6,36
11,M,62,3176.83,1231,0,33.37,65.65,1846.8,2,4,33
12,M,45,2867.16,1531.19,126.6,14.1,716.46,478.81,6,7,6
13,M,24,1751.6,887.95,79.57,61.4,281.02,441.66,1,8,31
14,M,33,2161.66,1222.64,0.8,4.92,358.96,574.34,2,4,95
15,F,65,2670.73,1585.11,7.17,17.25,101.11,960.1,2,4,36
16,M,72,578.14,76.87,383.96,0.99,5.04,111.28,3,4,16
17,M,49,2111.13,1118.08,45.24,12.22,69.09,866.51,4,5,15
18,F,38,4360.24,1552.67,1473.35,6.7,799.09,528.43,3,1,28
19,F,27,1910.96,193.51,235.47,32.91,26.93,1422.15,4,1,16
20,M,67,1201.57,560.3,0,19.91,84.52,536.84,1,2,47
21,F,72,2179.83,1257.5,116.5,0.41,501.08,304.33,9,7,1
22,M,33,3297.06,971.06,644.52,158.99,1311.9,210.59,4,4,40
23,F,66,2581.08,1414.72,44.89,0.84,632.94,487.7,1,5,31
24,F,19,556.66,67.13,225.7,3.37,0,260.46,7,6,13
25,M,66,344.13,197.62,0.15,0,1.75,144.62,1,5,103
26,M,21,2083.98,466.23,2.12,2.75,495.19,1117.69,5,5,45
27,F,26,526.81,189.54,0,1.23,0,336.03,3,5,108
28,F,56,2528.14,1110.61,6.52,1.23,263.02,1146.77,6,9,1
29,M,50,3013.56,1824.63,323.51,36.92,133.96,694.54,4,5,36
30,M,53,4492.32,3573.77,10.12,11.53,518.79,378.12,5,7,7
31,M,60,4193.51,468.08,0,9.8,132.94,3582.69,5,5,4
32,M,24,2086.97,639.29,92.58,63.32,257.04,1034.74,1,6,63
33,M,31,1796.96,1251.61,0,96.42,185.73,263.2,1,5,110
34,M,32,1810,859.63,1.5,0.4,544.93,403.54,1,4,121
35,F,19,489.59,148.87,0,0,2.86,337.87,7,5,11
36,F,24,1565.62,662.62,144.7,18.97,244.98,494.34,4,5,41
37,M,66,4810.48,1866.52,659.78,6.42,1306.02,971.75,1,3,31
38,F,49,3831.14,1159.67,1918.46,2.34,298.44,452.23,1,7,29
39,F,25,1339.3,876.66,18.86,0.2,128.47,315.12,6,7,14
40,M,58,343.67,138.85,6.55,1.12,42.02,155.14,4,5,128
41,M,68,6337.86,2856.63,118.07,69.99,1657.02,1636.15,2,4,2
42,F,66,2798.3,1426.67,77.8,4.04,496.65,793.14,1,4,23
43,F,59,116.12,50.68,0,0.62,0,64.82,4,5,141
44,M,25,1799.03,715.81,0,0,141.99,941.22,1,4,105
45,M,33,3231.27,2446.61,343.29,1.73,57.27,382.36,2,2,46
46,M,23,44.38,0.67,0,1.15,0,42.55,2,2,62
47,F,48,135.19,44.38,13.6,0,0,77.21,2,3,62
48,F,28,3355.95,984.78,7.2,105.01,519.67,1739.29,2,6,38
49,F,69,257.32,66.78,0,0,2.77,187.77,1,4,37
50,F,55,4850.94,1630.91,146.21,133.62,2402.43,537.77,3,5,32
51,M,70,2727.89,677.82,8.6,251.66,65.07,1724.73,2,4,21
52,M,56,3467.25,1491.41,375.71,40.99,1000.1,559.04,7,3,1
53,M,69,5196.86,1899.54,542.3,21.89,1437.03,1296.1,2,5,2
54,M,33,2114.77,1234.54,24.66,0.2,612.65,242.72,1,4,113
55,M,23,639.7,255.88,0,0.11,85.2,298.52,5,4,62
56,F,59,164.65,27.65,0,0,0,137,5,5,105
57,M,34,1051.09,485.69,1.31,10.53,32.34,521.21,2,1,32
58,F,48,3692.57,2608.76,3.6,7.57,703.38,369.26,3,6,39
59,F,31,1637.76,1198.93,49.05,6.66,26.71,356.42,3,4,98
60,M,47,4148.96,2424.07,555.76,0,326.98,842.14,5,5,19
61,F,54,4621.13,1634.4,1589.22,1.72,821.1,574.69,1,6,43
62,F,67,2475.66,1237.24,657.74,3.41,364.51,212.76,4,2,2
63,F,40,5359.99,1777.39,95.18,172.74,2983.49,331.2,5,5,13
64,M,20,335.26,42.66,0,0,0.13,292.47,3,6,86
65,F,24,256.47,4.25,0,0,0,252.23,3,3,99
66,F,41,2651.04,1663.17,252.17,2.24,131.87,601.6,2,1,30
67,F,23,363.58,151.09,0,0,0,212.49,5,4,73
68,F,21,192.42,59.36,0,0,0,133.06,5,5,104
69,M,29,1635.79,798.73,19.55,5.34,22.67,789.49,3,5,83
70,M,19,1001.14,494.54,0,13.6,21.03,471.97,3,4,122
71,F,31,206.67,40.32,0,0,5.84,160.5,5,6,61
72,M,41,2637.33,429.1,0,6.66,117.37,2084.2,4,1,11
73,M,20,1324.23,732.98,0,59.53,74.89,456.83,6,4,21
74,M,18,319.17,105.84,0,0.42,0,212.91,7,3,13
75,F,62,866.38,272.45,129.2,6.9,51.11,406.73,4,6,73
76,M,64,1530.8,364.88,0.28,0.3,0,1165.34,2,4,97
77,F,49,6465.82,3191.82,0,6.02,696.74,2571.23,2,3,34
78,M,43,522.29,143.42,209.31,0.12,4.18,165.26,2,2,41
79,F,71,2925.94,903.86,918.17,9.37,519.48,575.06,1,4,17
80,F,58,314.27,8.58,255.88,0.51,0,49.29,5,4,77
81,F,41,5471.5,3239.4,0,9.2,587.7,1635.21,4,4,20
82,M,43,4337.63,2537.03,715.38,2.21,686.44,396.57,3,8,9
83,M,22,283.79,142.5,0,0,0,141.29,5,1,33
84,F,29,352.34,62.46,0,0.8,0,289.08,3,5,112
85,F,27,3932.64,1161.23,1543.32,1.73,112.82,1113.54,1,5,65
86,M,63,1543.46,310.57,782.35,0.1,108.45,341.99,3,8,4
87,F,41,296.51,19.77,0,0.34,0,276.4,4,3,42
88,M,22,679.35,288.05,18.97,0.3,85.76,286.28,4,3,92
89,M,21,1234.15,384.03,301.51,17.22,8.68,522.71,6,2,18
90,F,52,5435.23,2803.52,215.4,1.41,1778.37,636.53,4,7,6
91,M,56,96.26,8.06,0.1,0,0,88.11,4,2,20
92,F,61,1286.14,444.06,281.48,0,29.09,531.5,5,5,62
93,M,35,2476.32,1203.54,3.76,8.4,410.58,850.04,1,6,58
94,M,59,181.27,30.52,0,0,0,150.74,4,6,107
95,M,45,4121.86,1937.51,667.61,0,169.41,1347.32,4,2,15
96,M,19,6353.69,2874.97,810.85,225.25,1965.59,477.03,5,3,8
97,F,47,5059.31,1399.47,378.31,23.05,1418.76,1839.72,3,4,32
98,F,25,2175.6,1166.66,30.76,50.81,170.37,757.01,5,4,31
99,M,33,931.94,168.56,12.68,6.54,92.16,652.01,6,8,6
100,F,71,2719.29,1610.34,13.78,1.68,589.16,504.34,2,4,22
101,F,19,3638.97,2132.02,45.02,0.3,512.01,949.62,2,7,26
102,M,19,6343.51,2751.99,29.33,131.67,1823.75,1606.76,2,3,35
103,F,68,748.55,101.98,0,4.64,5.15,636.78,3,4,107
104,F,55,5866.3,1999.42,0.8,13.52,241.69,3610.87,1,4,56
105,M,28,4970.32,2944.89,6.19,10.22,1645.92,363.1,4,4,5
106,M,22,1417.92,331.53,177.4,6.19,44.48,858.3,5,3,39
107,M,34,2414.14,812.38,130.32,138.65,767.71,565.07,2,5,80
108,F,22,5039.7,2325.68,1233.86,63.44,847.95,568.77,1,7,24
109,M,64,424.32,6.59,0,0.98,0,416.74,5,4,67
110,M,23,397.45,142.18,0,0.34,35.2,219.74,6,7,23
111,F,28,515.46,113.18,0,5.41,0,396.87,4,5,117
112,M,65,3208.14,710.26,113.43,3.61,423.57,1957.27,4,5,11
113,M,66,2787.12,1360.23,0.39,7.23,624.08,795.2,1,5,27
114,M,66,2414.02,529.18,0,55.21,63.48,1766.15,5,10,3
115,M,24,1264.19,486.19,3.2,1.11,165.94,607.75,3,6,69
116,F,71,3741.25,3076.91,3.86,20.07,330,310.41,2,5,8
117,F,19,1984.6,752.27,41.3,28.18,105.94,1056.93,3,6,64
118,F,27,1633.35,764.43,1.28,0.84,152.62,714.18,5,5,52
119,F,46,4146.74,2020.03,357.06,18.47,195.79,1555.39,3,3,34
120,M,58,288.39,34.04,0,0.25,0,254.11,5,5,97
121,M,23,1468.07,183.96,801.14,18.11,105.15,359.7,5,8,19
122,F,33,1830.21,1295.69,0,1.47,158.42,374.63,6,4,15
123,M,22,1164.43,913.68,39.23,4.14,17.6,189.77,7,2,6
124,F,19,1325.42,648.52,329.37,0,9.16,338.37,7,4,9
125,M,64,2223,1064.77,0,1.86,261.41,894.97,1,1,33
126,F,23,667.9,405.11,0,14.83,11.74,236.22,5,3,51
127,F,34,3792.13,2069.8,0,3.21,1164.97,554.15,2,5,72
128,F,62,864.86,659.5,0,1.98,4.61,198.78,7,3,9
129,M,31,5039.15,382.82,4360.76,4.42,13.86,277.29,2,5,43
130,M,66,1501.88,806.26,8.6,29.28,222.92,434.83,2,5,85
131,F,21,181.38,15.75,0,0,0,165.63,5,7,42
132,F,24,567.94,320.34,0,3.71,0,243.89,4,6,95
133,M,64,5038.87,3009.34,426.32,2.57,914.99,685.65,5,4,5
134,F,75,2816.38,1856.85,33.53,0.99,510.99,414.03,1,3,21
135,F,64,2481.66,1291.59,93.38,11.24,465,620.45,4,2,26
136,F,51,3631.85,1780.27,127.54,0.77,1233.96,489.31,1,6,49
137,M,29,6002.6,4364.71,0,7.57,1317.3,313.02,3,6,20
138,F,36,5262.05,2020.1,315.17,77.06,1434.11,1415.6,4,6,14
139,F,61,291.45,154.91,70,0,0.8,65.74,3,4,109
140,F,21,2204.79,1249.27,131.09,22.2,651.09,151.14,7,6,3
141,F,71,3008.45,2315.66,8.32,11.63,263.89,408.94,1,3,15
142,M,,1881.91,494.29,103.57,69.71,522.47,691.88,4,3,61
143,F,25,141.91,0.48,0,6.27,0,135.16,7,8,6
144,M,23,277.62,48.69,0,0.48,12.89,215.55,4,3,104
145,F,76,2788.34,625.95,1156.68,1.12,265.34,739.26,1,5,26
146,M,70,2962.49,550.8,322.88,12.71,73.14,2002.96,1,3,16
147,M,47,,,,,,,,,
148,F,29,2312.08,1516.21,0,43.23,149.79,602.85,3,4,87
149,M,45,4485.04,720.16,421.13,0.98,353.73,2989.05,1,6,44
150,F,32,2147.83,140.55,1726,3.32,23.11,254.85,5,7,12
151,M,61,2977.36,597.99,0,130.22,211.2,2037.95,3,4,19
152,M,68,2526.09,1137.48,0,16.65,93.83,1278.13,3,6,54
153,F,44,5437.46,1736.69,1484.4,0.35,1816.98,399.04,3,4,27
154,F,58,219.4,24.37,0,2.23,0,192.8,3,7,48
155,M,25,354.75,25.69,0.74,0.2,0,328.13,4,8,29
156,M,19,97.16,31.24,0,0,0,65.92,2,4,133
157,F,19,1925.46,1438.34,0,0.34,128.1,358.68,4,3,57
158,M,25,1724.55,1167.81,0,3.63,177.57,375.55,1,6,65
159,F,19,646.15,217.18,0,5.85,0,423.12,4,2,49
160,F,72,123.03,28.97,0,0,0,94.06,2,2,14
161,F,28,4835.68,1634.97,153.2,16.89,1411.84,1618.78,2,8,4
162,F,33,457.16,103.46,0,0,0.18,353.52,5,1,13
163,M,33,515.57,338.15,0,0,0,177.42,5,2,23
164,F,43,3993.42,2501.53,536.22,19.99,286.69,649,2,4,60
165,F,66,1606.93,1112.84,79.32,0,106.25,308.52,4,6,51
166,M,77,2997.14,1525.57,937.91,0.84,188.16,344.66,2,4,16
167,F,53,4251.03,1561.78,1.4,9.5,1389.66,1288.69,2,6,33
168,F,58,200.72,94.1,23.98,0,25.77,56.86,3,4,133
169,F,22,3698,1452.02,355.18,65.57,1183.38,641.85,3,4,49
170,M,26,1963.62,1116.47,2.2,49.6,14.46,780.89,3,2,40
171,M,70,1521.72,1080.97,105.7,11.58,25.17,298.29,2,9,12
172,F,33,614.7,345.32,0.01,5.74,37.61,226.02,2,2,53
173,F,39,4123.7,431.15,2896.33,8.81,47.57,739.85,2,6,34
174,F,72,127.21,23.76,0,0.63,0,102.82,4,5,66
175,F,36,1635.08,795.49,-2.1,1.21,385.7,454.78,5,4,32
176,F,71,3376.8,1500.99,0,1.98,54.64,1819.19,1,4,9
177,M,68,1310.81,391.26,0,1.58,119.86,798.11,2,6,9
178,M,38,1077.95,568.16,0,8.32,78.68,422.8,1,7,47
179,M,32,690.01,153.82,0,0.47,0,535.73,3,6,71
180,M,20,640.17,5.15,54.97,2.95,0,577.11,5,3,52
181,M,29,99.54,3.99,0,0,0,95.55,5,5,108
182,M,62,2541.02,1044.67,356.34,36.52,234.15,869.34,2,2,17
183,F,24,109.96,45.62,0,0,0,64.34,2,1,37
184,M,22,238.26,71.29,0,7.82,0,159.14,6,2,15
185,F,22,336.96,4.9,0,0,0,332.07,5,7,38
186,M,72,3000.6,2567.74,21.8,14.14,3.52,393.4,3,3,5
187,F,67,3877.7,1614.08,23,7.07,447.65,1785.9,2,4,8
188,F,35,2630.44,1261.66,19.83,34.58,47.76,1266.61,2,3,71
189,F,36,63.65,3.55,2.46,12.67,0,44.97,5,5,40
190,F,26,261.47,189.67,0,2.24,0,69.56,2,3,1
191,F,49,3220.16,1706.03,0,5.92,168.01,1340.2,3,6,13
192,M,34,1335.13,1036.63,0,68.78,3.28,226.44,5,6,23
193,F,64,601.45,435.15,4.42,1.92,19.04,140.92,2,1,42
194,F,44,5245.9,2902.13,1466.85,52.22,415.07,409.64,2,5,40
195,F,21,1339.27,703.23,0,0.03,349.96,286.05,3,2,52
196,F,18,512.9,336.23,0.36,0.14,82.89,93.28,7,7,7
197,F,69,2999.73,1080.18,601.55,18.46,985.46,314.08,1,4,13
198,M,71,1449.23,521.14,417.33,119.7,144.4,246.66,1,3,25
199,F,27,2236.88,423.4,1659.62,1.72,3.05,149.08,4,5,69
200,M,19,462.99,161.36,0,1.91,46.63,253.08,3,4,108
201,F,33,4283.17,3150.96,6.96,11.52,434.79,678.94,2,10,4
202,M,46,5336.14,2514.07,141.57,14.66,1501.29,1164.55,3,4,29
203,M,24,161.18,4.65,2.64,0,0,153.88,7,6,15
204,M,34,785.98,236.52,22.87,2.27,39.7,484.61,5,10,4
205,F,29,182.33,11.43,0,0,0,170.89,1,1,41
206,M,33,2673.51,1434.14,79.77,0.05,522.63,636.93,4,6,44
207,M,18,2616.51,1392.32,48.24,4.99,680.27,490.68,4,2,18
208,M,45,3180.87,953.06,1179.31,11.48,240.94,796.07,2,5,28
209,F,19,6696.2,1483.89,3922.1,10.93,604.3,674.98,4,4,13
210,M,26,1848.53,1032.73,0,0.3,184.55,630.95,4,3,62
211,M,30,350.72,7.67,0,1.48,0,341.57,6,7,24
212,M,22,315.73,10.49,51.63,0,0.5,253.12,4,8,30
213,F,75,749.32,531.43,0,49.2,78.57,90.12,4,2,5
214,M,37,985.24,286.8,23.3,18.43,94.26,562.46,1,4,128
215,M,46,615.12,70.61,385.39,0,5.04,154.08,4,3,37
216,F,60,82.97,28.62,0,0,0.52,53.82,5,6,66
217,M,31,2011.49,1333.59,7.68,8.17,108.99,553.06,3,5,74
218,F,69,4171.68,1902.28,93.97,0.56,1318.65,856.22,2,4,7
219,M,49,2682.92,1557.32,0,142.44,340.26,642.91,2,3,57
220,F,67,3026.98,1649.56,7.24,20.12,434.3,915.77,1,7,12
221,M,33,2040.11,595.62,23.78,4.41,379.91,1036.39,1,1,35
222,F,23,73.79,18.18,0,0,0,55.61,4,3,109
223,F,63,736.87,97.84,56.77,0,4.5,577.76,2,2,63
224,M,65,2325.65,1328.42,7.78,103.26,5.01,881.18,1,3,73
225,F,18,453.61,30.19,0,0,0,423.42,4,5,119
226,F,24,5897.81,3778.81,645.31,70.21,81.16,1322.32,2,3,36
227,M,52,4154.81,875.32,2144.62,2.1,309.36,823.4,2,4,58
228,M,71,2718.65,1413.91,0.69,1.69,99.98,1202.38,1,2,19
229,M,33,1460.87,1011.04,58.31,10.82,130.94,249.76,2,6,68
230,M,71,257.12,147.79,0,10.81,4.24,94.28,1,1,12
231,M,25,127.07,21.96,0,0,0,105.12,3,6,91
232,M,49,195.87,1.72,11.31,23.58,0,159.26,3,10,4
233,F,54,1967.56,733.25,1.53,0.33,283.59,948.86,1,1,24
234,F,61,1372.87,832.53,25.34,9.12,76.48,429.39,3,5,96
235,M,56,491.89,180.14,143.37,10.71,30.23,127.43,3,4,58
236,M,44,2128.09,1029.29,24.99,0.59,281.99,791.23,5,9,5
237,F,72,3092.51,2133.06,0,219.17,210.79,529.49,2,1,2
238,M,44,6333.49,3338.61,607.69,1.21,448.59,1937.4,5,5,9
239,F,39,6700.21,2473.18,1584.43,0.28,1572.54,1069.79,3,4,60
240,F,38,4800.1,3017.16,913.83,37.18,413.48,418.45,1,1,14
241,M,18,274.47,19.88,52.59,0.78,0.09,201.13,6,6,21
242,M,46,3947.93,830.11,36.83,1.25,389.45,2690.29,4,1,4
243,F,60,988.43,447.96,118.93,17.94,80.85,322.76,4,8,21
244,M,34,2188.73,1465.57,2.9,4.06,194.15,522.04,2,4,94
245,F,70,542.44,192.49,0,1.15,0,348.79,1,4,35
246,F,20,318.81,86.76,0,0,0,232.05,4,4,98
247,M,69,2287.2,1406.81,20.74,0.92,446.33,412.41,1,6,62
248,F,33,2061.66,1217.24,2.4,74.1,29.75,738.17,5,5,46
249,M,23,196.97,10.47,0,0,14.11,172.39,3,4,134
250,M,21,854.17,152.25,420.05,0,26.53,255.35,6,4,20
251,,64,2259.3,937.84,88.16,10.62,75.04,1147.64,1,4,102
252,F,33,236.87,14.95,58.77,3.5,0,159.65,6,6,17
253,M,22,599.49,191.85,25.93,0,0.25,381.45,7,9,2
254,F,18,353.31,60.21,0,8,0.16,284.94,3,3,96
255,F,24,477.08,48.29,0,0,0,428.78,5,3,56
256,M,65,2284.97,1673.7,59.69,0.28,268.06,283.24,8,3,1
257,M,42,3289.54,1575.95,0,8.78,637.23,1067.58,5,1,12
258,M,29,422.05,21.76,0,0.71,0,399.59,4,2,56
259,M,66,3898.84,1695.03,33.71,9.96,345.58,1814.55,2,8,5
260,F,60,1090.77,532.91,2,44.01,123.7,388.15,6,4,33
261,F,55,5814.52,2931.81,930.65,2.48,136.41,1813.17,1,6,32
262,M,27,4353.62,3142.17,210.1,0.3,460.46,540.59,4,1,2
263,F,46,4985.02,3046.44,79.59,14.38,1321.8,522.81,4,7,9
264,F,40,4133.3,2901.31,0,89.2,364.79,777.99,2,3,66
265,M,22,3502.7,2356.71,-0.2,16.77,387.68,741.73,1,3,55
266,M,32,1042.61,475.11,3.58,0.41,196.66,366.85,6,2,7
267,M,23,2098.73,445.9,5.6,14.74,339.35,1293.14,3,1,36
268,F,30,3976.75,1595.17,293.32,91.63,1395.24,601.39,2,4,62
269,M,70,2698.86,1349.21,288.02,14.23,660.91,386.5,1,4,25
270,F,63,2026.59,1076.57,177.37,96.93,379.98,295.73,4,3,83
271,F,68,3135.12,469.01,0,4.59,54.39,2607.14,4,4,2
272,F,71,102.73,14.74,0,3.38,0,84.61,1,4,1
273,F,36,4527.11,1851.2,0,4.75,960.43,1710.73,1,3,67
274,F,68,3140.69,2459.41,0,2.15,208,471.13,1,3,8
275,M,28,1609.87,701.58,2.62,11.12,192.89,701.66,3,4,80
276,F,58,2584.93,1364.2,597.13,0,307.03,316.56,2,4,37
277,F,24,5514.31,2914.55,1500.49,60.01,346.01,693.25,2,2,26
278,F,37,1835.7,309.29,0,2.67,211.55,1312.19,4,1,18
279,F,29,113.47,74.2,1.27,0.8,1.19,36.01,5,5,107
280,M,40,3263.46,912.11,1701.62,47.54,99.21,502.99,6,1,4
281,F,22,1896.61,754.54,711.89,0.78,49.32,380.08,1,7,54
282,F,28,828.63,474.47,0,7.44,20.31,326.41,6,3,11
283,M,41,6875.38,4628.18,39.64,19.92,1257.63,930.02,3,1,23
284,M,67,3029.63,1556.61,21.19,6.96,955.71,489.16,1,3,14
285,F,59,901.73,141.67,326.39,9.86,0.6,423.22,4,3,52
286,F,46,4726.52,1037.09,2418.1,6.78,298.01,966.54,4,3,21
287,M,23,249.68,29.73,0,2.56,0,217.4,2,5,104
288,M,64,210.62,73.28,62.78,5.59,0,68.97,5,9,11
289,F,45,4873.32,3212.77,16.8,0.04,421.08,1222.63,3,4,36
290,M,25,879.46,507.69,1.14,7.63,87.56,275.44,7,3,2
291,M,68,3100.5,1840.94,675.08,32.15,274.95,277.37,1,5,13
292,F,39,7032.52,3221.08,1203.9,2.27,1196.56,1408.72,1,8,12
293,F,41,4904.04,1171.6,0,2294.18,34.64,1403.62,1,5,58
294,F,78,5162.55,3362.58,25.71,1.75,952.87,819.64,1,4,4
295,M,20,1535.66,1126.31,1.23,1.47,6.84,399.81,7,4,7
296,F,32,1531.57,137.25,38.65,594.31,47.96,713.41,4,8,18
297,M,24,4262.49,1758.03,149.82,6.11,886.88,1461.65,2,5,51
298,F,26,633.25,357.25,0.3,0.52,0.5,274.68,4,6,94
299,F,19,574.39,102.43,0,0,0,471.96,6,4,42
300,F,18,701.61,147.89,6.8,65.35,33.84,447.73,5,3,50
301,F,71,2903.83,1314.07,3.35,0.03,70.87,1515.51,2,7,9
302,F,33,2613.82,1201.8,27.99,1.33,330.1,1052.62,4,7,23
303,F,27,840.38,608.22,0,9.4,47.31,175.45,3,5,54
304,F,35,3065.26,1278.07,150.78,1.72,686.32,948.38,1,2,38
305,F,42,2785.47,1184.8,0,32.8,419.04,1148.82,2,5,77
306,F,72,4219.36,1270.52,23.12,1,128.38,2796.33,3,2,2
307,F,71,439.41,98.43,67.17,0,0,273.81,4,5,67
308,M,34,157.58,44.55,0,5.6,2.48,104.95,1,4,134
309,M,57,3191.68,1718.68,661.45,103.44,204.58,503.52,2,4,32
310,M,18,211.86,50.95,0,2.38,0,158.53,5,3,65
311,M,28,208.06,46.12,0,0.62,0,161.33,3,5,119
312,F,19,4839.86,2069.41,187.87,26.71,1525.42,1030.45,2,3,44
313,F,68,3426.58,894.51,10.16,0.85,466.26,2054.8,1,2,5
314,M,69,156.97,7.6,0,0,0,149.37,2,5,21
315,F,48,1040.01,369.37,13.01,32.64,78.72,546.28,3,5,51
316,M,50,6317.73,918.91,61.09,356.25,633.62,4347.85,4,6,9
317,M,23,1412.58,931.55,-1.4,20,215.5,246.93,2,1,38
318,F,23,1615.05,311.42,0,0.22,199.69,1103.72,6,9,2
319,M,20,978.21,164.98,60,45.27,114.62,593.35,6,4,34
320,F,18,1012.08,421.48,0.8,49.83,21.95,518.01,10,5,1
321,M,35,3651.45,2337.1,0,15.64,625.83,672.88,3,7,18
322,M,41,3326.28,2435.87,0,50.28,519.06,321.07,2,6,39
323,F,45,3516.57,1932.52,0,472.31,295.28,816.46,1,2,31
324,M,31,2341.75,357.97,1480.69,0.01,0.5,502.58,1,5,92
325,F,60,164.08,85.53,0,0,0,78.55,4,2,60
326,M,27,2099.13,1738.51,0,1.74,162.63,196.25,1,3,84
327,F,48,4099.17,1376.21,1171.82,0.2,721.51,829.43,2,5,52
328,M,68,2935.41,1625.88,340.73,21.49,174.14,773.18,1,2,8
329,F,43,2671.92,1212.33,29.8,0,985.2,444.59,1,5,86
330,F,27,1532.36,414.46,594.37,0.16,68.72,454.65,3,3,70
331,M,68,2944.58,1626.44,27.97,24.26,869.6,396.32,1,8,5
332,M,59,1295.94,688.89,0.3,0.68,24.84,581.24,6,5,25
333,F,25,3642.54,2193.13,26.14,0.06,969.88,453.33,3,4,51
334,F,19,1097.58,815.66,154.86,17.6,0,109.46,4,7,47
335,M,32,2024.9,1298.3,101.83,1.01,99.67,524.1,9,2,1
336,M,65,1439.89,806.46,5.24,11.16,424.92,192.12,1,4,127
337,M,24,1029.55,512.88,0.3,3.11,1.99,511.27,4,6,80
338,M,66,2947.8,963.59,334.79,131.71,208.67,1309.03,2,5,13
339,M,66,2140.36,633.45,1185.3,0.11,38.37,283.14,4,4,47
340,F,33,1378.67,987.83,171.26,0,58.17,161.4,6,2,13
341,F,44,4374.61,1537.68,53.41,16.84,132.66,2634.03,3,3,31
342,F,19,1035.59,459.88,0,35.8,2.39,537.53,6,5,32
343,F,60,672.68,349.6,0,7.4,13.73,301.95,4,4,67
344,M,47,3101.37,1571.75,140.81,89.12,540.23,759.45,3,2,26
345,M,55,5003.77,1955.54,940.78,1.08,235.94,1870.43,3,5,30
346,M,33,366.29,11.58,0,0,0,354.71,4,6,56
347,F,46,4343.18,1798.81,1314.62,4.04,832.44,393.28,2,7,23
348,M,24,1780.1,644.29,245.99,1.47,98.83,789.51,3,6,65
349,F,33,2068.06,1295.4,210.1,1.49,224.78,336.29,1,7,52
350,M,34,2204.49,1460.95,0,76.22,233.13,434.19,2,8,16
351,M,18,423.84,240.24,59.98,57.28,2.9,63.44,4,6,97
352,M,29,646.39,357.92,0,36.4,5.38,246.68,3,6,79
353,F,50,5822.52,2871.41,67.54,17.97,1764.15,1101.45,5,7,4
354,M,21,6312.34,4205.77,106.4,24.43,1453.89,521.84,3,8,5
355,M,41,4275.7,2493.82,0,1.93,608.06,1171.9,4,3,24
356,M,24,1285.58,688.21,54.8,0,51.36,491.2,4,2,42
357,M,48,3916.99,1841.68,500.22,72.83,135.99,1366.26,2,4,63
358,M,28,2093.19,1381.41,0,206.34,21.57,483.87,3,1,37
359,M,22,1096.05,574.57,0.01,7.42,14.99,499.06,1,5,116
360,F,21,438.28,140.38,0,0.46,0,297.45,3,3,77
361,M,32,2081.77,1336.33,0,182.26,15.26,547.92,3,5,73
362,M,30,2322.31,965.63,970.06,-8.91,175.73,219.8,1,5,94
363,M,43,4979.4,1727.69,491.46,1.8,942.64,1815.81,4,6,16
364,M,27,2572.23,1905.04,0,14.05,173.8,479.35,3,1,32
365,M,34,2419.3,1191.11,0,37.4,305.81,884.99,2,2,48
366,F,18,1786.96,1034.87,0,1.3,297.82,452.98,6,3,20
367,F,19,1890.51,1020.37,106.91,145.78,19.71,597.74,4,3,60
368,M,70,2791.92,1167.06,69.95,19.84,409.8,1125.28,3,2,4
369,M,22,1214.73,810.18,41.56,0.24,14.53,348.21,3,8,27
370,M,67,2610.57,951.94,42.28,1.32,594.58,1020.45,2,5,18
371,M,30,2193.85,1551.35,41.29,20,146.25,434.97,1,7,50
372,M,34,1999.83,752.75,148.51,0,222.41,876.17,3,5,75
373,M,19,1554.8,151.16,828.55,38.06,18.1,518.93,1,2,59
374,M,,2288,968.46,195.01,0.6,489.99,633.94,4,9,6
375,M,27,1500.58,417.89,30.84,0.71,166.12,885.01,3,8,25
376,F,62,320.96,155.06,0,0.56,99.71,65.63,6,2,23
377,M,45,2009.66,681.73,653.83,2.72,309.44,361.95,1,4,90
378,F,28,264.17,5.91,0,53.11,0,205.15,2,7,54
379,F,19,251.27,34.79,0,1.87,0,214.61,4,4,103
380,F,19,327.76,69.99,0,3.33,0,254.44,7,5,14
381,M,45,5672.57,2213.36,1537.88,5.18,563.24,1352.92,4,9,1
382,M,78,2898.17,869,11.52,1.56,793.17,1222.93,1,5,23
383,M,68,2015.02,1147.92,22.1,1.21,676.06,167.74,1,4,117
384,M,61,1724.62,417.24,0,1.62,120.47,1185.29,6,2,1
385,M,42,3349.83,722.03,0.03,688.79,82.08,1856.9,3,5,46
386,F,47,5826.29,3701.63,66.03,3.81,1625.76,429.06,1,5,53
387,M,19,849.47,556.96,26.14,0.35,85.06,180.96,4,6,88
388,F,20,6281.77,4568.1,1.34,3.41,1259.15,449.76,2,7,18
389,M,28,1629.17,507.33,88.79,96.78,5.75,930.52,1,3,89
390,F,43,4622.88,1366.37,0,73.66,482.05,2700.81,3,1,16
391,F,21,6863.09,960.6,5138.28,1.87,48.02,714.32,4,4,12
392,M,78,2607.88,1553.11,2.2,37.13,494.66,520.78,1,9,3
393,M,44,4376.14,1917.2,1236.21,6.48,314.24,902.02,5,7,8
394,F,37,2648.96,908.29,1537.36,32,28.44,142.88,4,8,16
395,M,61,2390.37,1327.38,31.81,62.67,579.11,389.4,2,3,30
396,F,76,2884.72,1212.12,26.67,7.05,303.75,1335.14,1,1,7
397,M,69,2895.66,1108.78,74.4,20.8,380.38,1311.31,1,6,11
398,F,22,984.19,103.11,2.25,192.86,0,685.96,5,6,37
399,M,28,2103.44,315.47,0,848.2,26.12,913.65,5,8,21
400,F,18,314.63,29.21,0,0,0.78,284.64,7,4,18
401,F,64,1664.08,788.97,20.98,0.43,110.17,743.52,3,3,69
402,F,27,881.18,422.84,0,26.7,3.49,428.16,4,6,87
403,M,18,1312.79,538.28,4.04,3.38,161.29,605.8,5,6,36
404,M,66,3198.97,1302.43,938.29,5.41,121.13,831.72,1,5,44
405,M,30,3761.82,1762.76,23.36,12.91,530.41,1432.38,3,4,46
406,F,33,2147.73,1133.95,62.99,0.96,308.14,641.69,5,8,14
407,M,26,3982.37,2111.32,8.71,3.17,223.37,1635.81,2,4,61
408,F,42,3365.48,2217.03,0,149.9,609.59,388.96,1,5,76
409,M,30,2082.7,450.93,0,5.96,104.82,1520.98,4,7,34
410,M,25,5545.01,3388.93,996.67,82.21,475.78,601.41,5,1,5
411,F,21,2199.92,797.7,325.84,32.53,641.66,402.19,5,8,20
412,M,18,820.3,498.76,0,0.3,178.13,143.1,4,4,81
413,M,70,2964.71,1538.83,0,189.05,266.38,970.45,1,5,20
414,F,64,2531.52,606.65,934.74,22,185.16,782.97,2,3,29
415,F,73,2880.39,947.39,1209.42,3.34,271.02,449.22,1,1,8
416,F,18,4819.47,1991.9,2272.27,2.11,40.71,512.48,1,5,60
417,F,62,293.94,216.87,0.69,7.39,0,68.99,7,6,14
418,M,33,1945.71,1098.82,0,7.93,185.16,653.8,6,7,8
419,F,21,450.32,87.94,72.35,0,0,290.04,3,7,55
420,M,18,856.83,178.49,3.78,0.58,0,673.97,2,4,123
421,F,24,388.37,134.59,15.28,0,2.2,236.3,6,4,50
422,F,26,1350.68,913.22,151.81,17.56,24.48,243.61,5,4,53
423,F,26,1143.64,520.82,37.34,49.53,14.78,521.17,4,4,76
424,F,30,1934.68,634.09,0,46.2,3.98,1250.42,4,7,35
425,M,63,1348.37,670.21,31.31,0.85,324.94,321.07,3,1,45
426,M,47,4345.65,359.47,3.2,167.97,275.17,3539.85,5,6,13
427,M,62,2015.86,641.18,807.7,0.44,97.73,468.82,1,7,53
428,F,31,1568.04,461.46,0,0.94,281.21,824.44,4,6,53
429,M,58,308.03,6.43,1.1,0,0,300.5,4,1,28
430,M,44,5004.33,2641.69,0,5.61,260.03,2097,2,5,44
431,M,65,2146.65,860.96,652.45,0.25,89.27,543.73,5,3,25
432,M,70,2810.65,1127.7,106.18,1.31,210.12,1365.35,3,3,7
433,F,49,1752.4,1088.05,0.3,0.44,3.12,660.49,1,7,37
434,F,34,5083.93,3150.54,0,866.02,617.34,450.04,1,4,95
435,M,21,112.45,1.56,1.1,0,1.65,108.14,5,1,37
436,M,27,1386.34,594.69,288.13,28.49,211.89,263.14,4,3,78
437,M,20,450.39,213.95,4.24,0,0,232.21,7,3,10
438,M,60,131.27,93.21,0,0.34,0,37.71,5,7,44
439,F,29,5673.56,750.27,38.36,1297.01,360.63,3227.29,3,3,28
440,M,21,668.49,204.97,0.4,2.14,0,460.99,3,3,89
441,M,25,123.94,7.57,0,0.09,0,116.29,3,1,56
442,M,22,364.69,88.41,0,0,0,276.28,7,8,5
443,F,42,5655.7,1826.88,2025.24,94.68,441.24,1267.66,3,7,28
444,F,26,502.57,148.15,0,6.4,24.61,323.41,1,6,53
445,M,50,6348.57,1616.21,3247.57,108.49,128.63,1247.66,2,2,24
446,F,39,6948.87,4767.1,49.26,13.32,1693.97,425.21,5,8,11
447,F,68,4311.9,882.94,2418.53,19.68,141.64,849.12,3,6,3
448,M,45,403.26,204.86,24.61,4,41.35,128.43,4,4,34
449,F,21,112.24,7.02,0,0.1,0,105.13,5,3,68
450,M,59,1246.16,483.74,17.8,1.9,290.02,452.7,5,4,54
451,F,31,511.95,408.89,0,0.2,0,102.85,3,9,3
452,F,62,6830.8,2527.04,1138.95,13.69,1795.23,1355.89,4,8,4
453,F,20,1878.65,735.92,530.97,6.9,408.96,195.9,5,9,8
454,F,64,1369.63,740.7,12.2,15.41,227.45,373.88,5,5,61
455,F,58,384.64,24.64,0,1.09,0,358.92,3,5,111
456,M,50,5056.31,1996.72,0,4.68,1623.18,1431.73,4,3,19
457,M,34,261.46,107.86,0,12.07,27,114.52,1,2,48
458,M,64,275.09,47.59,10,0.8,4.73,211.97,2,5,103
459,F,78,2975.54,1630.91,77.48,0,479.39,787.77,3,4,11
460,F,21,2084.38,956.53,0.01,103.35,322.7,701.78,5,4,37
461,M,27,581.34,346.22,5.71,5.09,17.83,206.49,5,3,54
462,M,50,2222.12,746.87,1215.39,1.13,8.16,250.56,5,8,8
463,F,19,1156.34,151.48,0,1.5,37.29,966.07,6,4,29
464,F,29,6155.78,1031.17,3909.9,43.66,127.35,1043.7,3,2,13
465,F,30,80.8,2.52,2.49,0.68,0,75.11,6,2,29
466,F,59,589.04,92.65,0,0.35,0,496.04,1,1,42
467,M,70,4141.52,2089.03,469.41,75.24,1335.91,171.93,2,2,3
468,M,68,942.17,362.17,0,1.7,128.13,450.17,3,7,4
469,F,48,326.67,55.9,124.79,0.18,0,145.8,2,5,66
470,M,50,4473.17,2142.46,17.22,14,1596.31,703.18,1,4,68
471,F,58,2559.29,1214.82,50.88,10.4,85.48,1197.71,5,3,5
472,M,19,382.67,168.28,0,13.46,15.81,185.12,3,5,56
473,F,72,3610.49,1183.72,281.5,32.98,1635.38,476.91,1,7,6
474,M,71,2898.8,556.48,24,28.24,389.35,1900.73,1,6,10
475,M,30,6258.61,2487.02,3298.6,11.04,233.07,228.88,6,3,4
476,F,77,1393.67,396.8,0,3,154.22,839.65,3,1,5
477,F,63,669.67,190.07,0,0.99,16.05,462.57,6,4,36
478,F,30,483.32,114.73,193.94,0,2.4,172.26,6,4,47
479,F,18,3556.61,1988.39,0,19.99,979.96,568.28,3,3,39
480,F,71,3076.68,2051.92,4,1.62,563.15,456,1,5,15
481,F,29,1520.33,110.68,0,0,0,1409.65,6,2,12
482,M,24,217.68,18,0.05,82.3,0,117.33,2,7,58
483,M,24,5701.95,3117.97,0,67.49,1511.43,1005.06,6,6,2
484,M,32,2447.06,594.46,657.29,0.2,128.81,1066.3,1,5,91
485,F,70,2913.05,1159.8,11.94,7.51,1058.47,675.33,2,7,8
486,M,18,533.96,146.35,21.48,0,91.06,275.07,6,3,36
487,M,18,2120.34,1407.31,0,126.2,67.78,519.05,2,7,46
488,F,64,276.17,121.95,0,0.22,8.73,145.27,3,7,58
489,F,24,6056.31,21.48,1.4,5866.61,1.6,165.21,3,6,18
490,F,19,301.72,113.74,2.35,0,0,185.62,4,6,102
491,F,43,,,,,,,,,
492,M,69,2703.32,1695.09,0,0.57,426.76,580.89,4,5,6
493,M,59,673.42,55.5,471.89,3.89,7.88,134.25,3,2,55
494,F,34,2447.32,1016.58,566.75,1.46,141.35,721.18,5,5,36
495,M,41,3347.25,1641.36,95.62,0.27,745.29,864.71,3,7,21
496,F,49,6066.15,3825.94,38.4,39.01,1172.18,990.63,1,6,31
497,M,43,423.4,294.91,0,0,0,128.49,5,1,1
498,M,24,223.2,0,111.85,0.97,0,110.38,4,3,106
499,M,32,1702.94,831.91,19.86,0.09,629.75,221.33,2,4,96
500,M,72,2905.03,1069.9,0.4,2.25,508.43,1324.05,5,4,2
501,M,62,3712.19,2366.51,0,23.49,376.37,945.83,3,2,8
502,F,34,420.54,53.2,0,1.2,0,366.13,2,3,91
503,F,58,1257.44,658.27,85.12,0,62.98,451.07,3,4,118
504,M,63,2241.53,894.52,277.83,24.27,274.78,770.12,5,1,3
505,M,32,682.61,143.83,0.05,63.75,3.54,471.44,1,5,118
506,M,33,1997.88,1272.21,0,206.28,0,519.39,4,4,55
507,F,26,436.03,32.9,0,0.56,0,402.57,7,4,16
508,M,48,4202.77,2691.8,24.15,25.68,360.45,1100.68,5,5,17
509,M,47,6233.31,1389.51,4534.33,51.99,5.49,251.99,6,7,2
510,M,69,3029.53,994.79,912.26,1.03,390.74,730.7,2,5,12
511,F,33,2210.61,430.76,1210.11,12.45,55.01,502.28,3,6,62
512,F,22,1015.98,252.12,0,1.3,56.2,706.37,4,1,24
513,M,71,3035.42,1772.87,109.03,11.74,149.49,992.29,2,9,3
514,F,20,627.11,104.88,0,29.46,1.18,491.59,4,5,116
515,M,18,251.11,75.64,0,4.27,0,171.2,1,1,40
516,F,65,2179.61,1026.16,7.66,0,369.86,775.92,2,7,43
517,F,23,3677.32,1724.91,34.25,0.61,504.81,1412.74,2,4,66
518,M,78,3778.11,2353.61,0.38,11.4,174.62,1238.09,3,3,3
519,F,62,1261.58,902.83,0,135.46,26.67,196.63,7,4,10
520,F,30,1077.51,332.44,311.11,3.09,155.33,275.53,5,7,21
521,M,66,4726.05,1098.28,0,122.27,863.76,2641.73,2,6,14
522,F,64,456.25,105.08,0,3.39,9.81,337.97,3,6,82
523,M,40,4322.59,1485.89,49.96,1.57,847.05,1938.11,5,3,11
524,F,50,3710.02,1067.29,1811.6,6.72,122.81,701.6,3,4,48
525,F,63,522.41,97.81,0,5.73,66.82,352.05,4,5,102
526,M,27,2490.62,751.22,42.32,0,422.85,1274.23,1,6,57
527,F,52,2361.84,781.79,14.76,36.98,559.37,968.95,4,5,14
528,F,66,2976.74,1324.77,1.39,6.87,544.03,1099.68,1,5,18
529,F,63,309.32,55.47,0,0,0,253.85,3,5,113
530,M,33,117.99,34.3,0,1.09,0,82.6,1,3,81
531,M,61,347.48,33.53,0,0,0,313.95,3,1,42
532,M,18,1357.92,377.59,0.38,0,54.71,925.24,1,3,93
533,M,58,2044.83,1270.11,7.58,12.79,467.1,287.24,4,4,10
534,F,69,2379.05,1056.44,0,0.25,237.78,1084.58,1,4,28
535,M,22,4087.13,1196.3,2175.57,1.9,326.79,386.57,5,1,7
536,F,23,895.26,345.8,18.96,47,86.68,396.83,4,6,86
537,M,43,4046.56,2168.96,15.88,7.72,1302.68,551.32,3,6,32
538,M,59,638.8,194.39,0,0.21,10.59,433.61,4,3,97
539,F,70,2833.32,1346.44,325.63,10.06,301.07,850.12,1,6,13
540,M,36,2296.11,583.46,1564.26,0.04,34.22,114.12,3,4,77
541,F,64,1329.36,732.48,21.48,0.12,188.29,386.99,5,1,22
542,F,53,7013.08,4432.52,1249.7,62.83,501.36,766.67,4,8,6
543,M,26,2340.61,1222.47,3.84,147.68,118.24,848.39,2,4,93
544,M,34,2191.66,1149.2,143.46,3.2,142.68,753.13,1,7,51
545,F,46,4837.75,2752,798.29,102.47,413.74,771.25,1,6,41
546,F,61,2141.44,841.87,1022.95,0.73,82.86,193.02,5,5,59
547,F,19,257.07,4.69,0,0.94,0,251.44,2,1,43
548,F,27,203.24,18.02,0,2.91,0,182.31,5,6,62
549,F,50,1354.07,928.28,6.12,10.19,84.04,325.44,2,6,46
550,F,22,827.2,311.29,3.2,0.67,173.81,338.22,2,4,124
551,M,65,383.83,13.06,103.85,0,0,266.91,2,8,20
552,F,29,471.59,103.96,0.03,96.62,8.3,262.68,2,3,80
553,F,20,438.48,65.82,153.9,3.39,6.77,208.61,5,2,37
554,F,69,931.5,592.72,13.64,23.01,59.08,243.05,3,5,17
555,F,30,157.57,1.42,0,0,0,156.15,6,2,16
556,F,24,406.27,36.45,0,1.33,0,368.5,6,5,40
557,F,65,1662.35,527.49,630.26,0,53.09,451.51,6,3,10
558,F,20,1104.84,487.94,32.41,36.2,325.11,223.19,3,5,90
559,F,31,425.78,123.99,0,0.31,15.52,285.96,6,6,33
560,F,19,398.9,239.64,1.26,0,4.49,153.52,4,5,124
561,M,37,2683.06,492.01,0,767.67,30.11,1393.27,4,2,25
562,F,19,336.94,39.55,0,0.27,0,297.11,5,1,31
563,F,46,5893.69,2757.96,2.8,43.64,1459.91,1629.38,1,8,13
564,F,64,649.95,71.03,64.6,0,0,514.32,7,2,9
565,M,41,3958.77,1893.69,21.98,0.58,1721.4,321.12,2,5,71
566,F,41,6271.97,3825.81,507.84,30.71,632.64,1274.96,3,5,58
567,F,50,3392.45,491.9,2143.65,0.18,101.29,655.42,5,5,22
568,M,26,1764.94,1319.94,5.56,4.94,348.75,85.75,5,10,5
569,M,33,1535.18,666.64,119.9,0,159.64,589,2,2,50
570,M,58,554.22,0.92,0,0.8,0,552.49,2,7,53
571,F,72,3027.23,1458.12,700.36,0,440.42,428.33,1,1,5
572,F,29,1985.93,499.67,882.7,1.09,123.71,478.75,5,3,29
573,F,30,2888.58,1089.24,0,2.18,1244.24,552.92,1,9,4
574,F,39,5318.13,1868.77,0,63.31,620.26,2765.79,5,3,17
575,F,48,6536.28,3811.79,6.41,25.1,1803.17,889.82,1,4,49
576,F,60,3316.91,814.5,9.6,360.17,359.2,1773.43,3,4,18
577,M,21,656.05,175.19,23.54,33.04,52.56,371.72,6,4,38
578,F,34,1778.28,1110.09,0,10,174.28,483.91,4,6,61
579,M,62,2580.81,836.47,23.5,1.18,788.85,930.8,2,3,28
580,M,27,1297.32,509.6,407.51,0.39,60.79,319.03,6,3,22
581,F,30,3349.86,2536.49,218.99,4.37,34.12,555.88,1,4,80
582,F,56,1641.29,1154.1,5.72,6.04,56.74,418.7,2,2,18
583,M,47,3881.53,2099.33,30.52,24.92,880.79,845.97,6,4,3
584,M,21,2155.85,1577.2,0,84.02,13.88,480.75,6,3,8
585,F,47,6068.81,2784.8,0,49.4,691.6,2543.01,2,5,36
586,M,29,4671.42,2997.74,29.14,1.37,1064.52,578.65,2,4,50
587,M,57,6659.63,2525.03,79.8,4.37,724.6,3325.82,2,2,15
588,F,26,3658.12,1396.42,17.47,1.2,417.19,1825.84,2,1,19
589,M,32,1448.76,487.73,639.59,0.38,54.33,266.73,4,2,37
590,M,18,3361.54,1682.74,22.69,7.88,1103.24,545,3,7,20
591,M,69,2674.03,1745.77,111.42,5.42,368.11,443.3,3,5,12
592,M,35,4500.23,2248.63,277.22,41.69,1103.97,828.72,2,1,27
593,F,18,1617.23,733.81,-1.34,0,562.72,322.04,5,8,17
594,F,33,387.57,97,0.04,95.12,3.24,192.17,3,1,41
595,F,64,1688.72,734.49,186.52,10.57,189.81,567.33,2,3,31
596,M,19,4194.95,1008.82,2483.68,0.83,267.78,433.85,1,3,49
597,M,24,778.86,271.7,63.79,0,41.04,402.34,4,6,75
598,F,70,975.67,418.24,0,4.82,161.22,391.39,1,4,33
599,M,24,3522.32,1852.42,0,8.53,738.96,922.4,4,4,29
600,M,68,414.31,5.52,1.64,0.26,0,406.88,2,2,12
601,F,25,1630.82,650.18,20.26,3.1,397.25,560.03,5,5,53
602,M,43,5336.78,3148.43,50.12,7.15,610.19,1520.89,1,5,55
603,M,25,1115.67,222.6,27.32,5.86,20.83,839.06,2,7,31
604,F,42,3988.85,2354.49,0,12.33,777.01,845.02,1,8,17
605,F,52,4054,2338.12,-1.52,0,691.45,1025.95,1,5,63
606,M,38,6509.25,1858.18,271.98,53,4131.56,194.52,3,6,46
607,M,23,473.79,65.9,30.06,41.44,28.6,307.79,3,7,54
608,F,29,2066.37,1120.1,0,14.6,161.44,770.23,3,2,39
609,M,22,588.99,181.73,160.93,0,0,246.33,4,2,50
610,M,71,4156.32,1879.97,57.77,52.54,885.83,1280.22,1,7,5
611,M,52,2614.45,1178.94,78.72,7.71,904.72,444.37,7,6,2
612,M,63,1884.49,921.1,9.82,0.52,226.81,726.25,3,5,77
613,F,47,5166.27,3595.57,0,5.36,867.66,697.68,4,3,18
614,M,72,2769.57,1522.55,0,8.76,179.42,1058.84,4,6,5
615,M,24,557.01,72.65,0,0,0,484.37,4,3,98
616,F,45,4485.83,1942.48,992.03,0.2,488.25,1062.87,3,1,27
617,F,55,2668.95,1160.13,0,6.74,857.23,644.85,3,8,12
618,F,35,4082.99,1351.21,118.35,14.28,92.44,2506.72,3,7,30
619,M,40,5056.96,1978.48,1055.07,15.64,760.79,1246.98,2,5,42
620,M,31,1909.9,1017.63,3.56,0.43,581.62,306.65,1,4,119
621,F,20,1983.6,492.39,13.81,587.65,10.4,879.35,2,6,60
622,M,38,6366.57,4415.73,18.02,7.27,1633.68,291.87,4,4,36
623,M,23,1073.77,431.98,57.93,92.22,226.05,265.59,3,4,121
624,M,48,3165.32,1587.24,11.68,4.4,1103.61,458.39,4,3,31
625,M,77,2840.58,1781.3,98.07,0.05,191.9,769.25,2,4,20
626,F,33,1830.77,943.74,69.76,1.37,70.62,745.28,4,8,17
627,F,69,3324.24,2624.46,53.53,1.39,131.51,513.35,3,4,5
628,M,39,3290.3,1123.96,319.03,0.34,948.13,898.83,1,3,59
629,F,64,2479.61,1851.68,19.84,23.57,297.86,286.66,1,3,38
630,F,24,1955.93,803.68,178.67,19.07,317.31,637.2,3,5,76
631,M,67,2819.04,1177.87,640.8,0,613.12,387.25,3,6,7
632,M,66,5018.95,2382.82,159.48,16.52,469.06,1991.07,2,4,29
633,F,59,2649.57,489.86,0,7.02,203.98,1948.71,1,7,20
634,F,21,1020.56,456.49,0.76,0.04,39.64,523.61,6,3,28
635,M,51,2151.45,1306.89,202.01,0,361.35,281.21,3,7,8
636,F,22,496.75,386.94,22.39,16,14.51,56.91,5,1,28
637,F,20,291.68,99.85,0,0,0,191.83,3,5,115
638,M,45,3999.74,1860.77,1351.85,14.87,494.31,277.94,5,2,12
639,M,60,2082.35,866.03,12.11,0.94,529.38,673.89,1,4,116
640,M,42,5993.77,752.36,4482.28,2.11,161.46,595.57,3,6,47
641,F,20,452.99,112.41,259.05,0.28,0,81.25,5,5,85
642,F,66,2676.46,1373.53,34.39,16.22,526.18,726.14,1,2,20
643,F,63,422.15,27.96,219.45,0.2,0,174.54,3,3,95
644,M,56,3851.12,1495.79,1749.9,3.58,431.53,170.31,3,6,37
645,M,66,2171.46,369.49,755.47,1.41,93.18,951.9,1,7,21
646,F,48,3484.77,1036.66,1605.17,8.45,90.62,743.88,2,5,60
647,F,32,203.35,58.17,0,0.16,0,145.02,2,5,105
648,F,19,3363.09,1881.09,21.48,19.14,861.89,579.49,1,5,77
649,F,28,104.3,5.06,0,0.43,0,98.81,3,3,75
650,F,52,3314.99,1231.57,94.46,5.73,781.77,1201.46,1,4,84
651,F,33,1941.01,1423.78,213.23,0.07,37.98,265.95,1,3,87
652,M,40,3172.41,2110.39,0,95.4,398.39,568.23,1,3,69
653,M,20,6824.43,3420.64,1626.82,81.91,508.72,1186.34,5,8,12
654,F,69,435.39,216.15,0,0.28,12.7,206.26,5,1,20
655,M,69,2917.74,1068.66,779.17,3.46,131.51,934.93,1,6,9
656,F,59,1218.94,270.72,510.35,0.05,57.93,379.9,3,3,81
657,M,50,2730.04,1396.91,8.8,57.59,170.28,1096.46,6,5,6
658,M,52,3451.47,1859.09,0,8.67,375.22,1208.48,2,4,72
659,F,45,1797.45,817.08,289.75,0.49,326.4,363.74,2,1,24
660,F,33,1711.99,807.97,1.58,0.4,137.51,764.53,4,3,49
661,F,25,5846.24,806.92,4108.71,3.27,5.55,921.79,1,3,42
662,M,44,3613.17,1039.53,12.62,0.52,604.55,1955.95,3,6,40
663,F,55,3652.11,1150.76,33.59,0.25,1836.3,631.21,5,4,17
664,F,26,100.21,17.02,0,0,0,83.19,7,6,9
665,M,25,315.99,96.19,0,1.8,0.38,217.62,6,7,26
666,M,54,3391.52,2685.01,0,188.4,171.49,346.62,5,8,7
667,M,18,542.35,247.69,0,1.32,11.77,281.57,6,7,1
668,M,39,1677.69,1078.27,178.17,8.2,175.34,237.71,1,2,46
669,F,44,3871.97,1640.02,1.16,12.94,354.55,1863.3,1,6,47
670,F,29,1032.03,379.06,1.18,0.79,13.78,637.23,6,6,29
671,M,45,5196.22,1695.63,1126.03,4.11,491.58,1878.88,5,5,14
672,M,51,5956.23,1372.46,3.8,66.18,949.32,3564.47,3,10,2
673,F,26,804.08,368.69,2.24,0.1,84.34,348.71,3,1,48
674,F,50,3660.47,1834.79,67.81,1.89,260.15,1495.82,3,3,37
675,F,22,212.61,60.54,0,0,0.13,151.94,4,4,107
676,F,33,2037.26,877.82,63.38,22.74,825.72,247.6,4,3,56
677,M,63,857.45,339.42,0,0.53,21.27,496.24,3,1,47
678,M,48,5441.93,3523.43,0,18.82,1264.93,634.75,3,2,16
679,F,24,1136.08,467.47,0,1.24,288.78,378.59,6,5,19
680,F,64,446.1,70.68,46.49,0,0,328.93,5,1,30
681,F,52,4802.48,1449.43,197.03,0.09,1896.32,1259.62,3,3,29
682,F,24,554.45,122.26,0,4.13,0,428.06,2,5,112
683,M,70,5406.46,1325.75,4.2,28.04,1233.76,2814.72,4,3,2
684,M,22,552.05,223.77,0,0,0,328.28,4,6,96
685,M,68,2468.27,1162.29,75.14,0.74,688.81,541.29,4,5,58
686,F,22,662.95,256.41,0,18.7,19.01,368.83,4,7,48
687,F,61,500.46,98.26,0,2.36,0,399.84,1,4,130
688,M,48,5034.55,1709.5,18.76,0,199.8,3106.49,4,6,15
689,F,51,6207.45,2842.52,50.37,79.6,1789.7,1445.25,1,6,30
690,F,18,437.92,102.45,0.6,1.6,0,333.28,4,5,120
691,F,22,122.71,0,0,2.22,0,120.49,2,2,65
692,F,30,306.24,4.95,0,2.09,0,299.19,5,4,33
693,F,27,573.9,20.5,65.77,0,0.57,487.06,2,4,125
694,F,45,4689.97,1517.67,0.6,21.39,1438.69,1711.62,1,4,65
695,M,40,3583.53,1945.51,853.54,123.6,247.33,413.55,6,2,6
696,F,39,252.11,92.61,0.35,0,0,159.15,4,5,43
697,M,21,193.44,63.39,0,19,1.55,109.5,6,3,41
698,F,59,3199.25,2282.04,3.96,0.61,610.63,302.02,5,5,5
699,F,72,3889.95,1402.57,1120.19,0.1,445.85,921.25,1,5,8
700,F,67,2826.1,1769.63,158.52,16.82,187.51,693.63,2,1,4
701,F,68,376.42,84.74,0,0,0,291.68,4,5,96
702,M,68,347.55,149.05,0,9.33,0,189.17,1,5,87
703,F,63,6881.05,2726.61,565.93,1.74,1733.67,1853.1,3,5,19
704,F,46,1707.36,924.84,5.15,27.47,70.22,679.68,2,5,32
705,M,28,491.17,228.79,0,8.2,4.75,249.44,8,8,2
706,M,18,353.57,6.1,0,0,0.08,347.38,4,6,99
707,M,20,635.8,141.86,0.01,213.14,13.54,267.25,1,6,80
708,F,32,1538.66,562.17,281.01,-35.85,12.62,718.71,4,5,87
709,F,23,1363.58,1012.08,8.6,0,63.02,279.88,2,4,118
710,M,25,2521.13,1644.06,0,74.78,437.09,365.19,3,4,70
711,M,34,137.02,9.3,0,0,0,127.72,3,1,43
712,M,35,2112.12,1016.7,0,92.76,84.64,918.02,4,7,32
713,F,68,873.47,513.75,0,9,22.78,327.94,4,4,4
714,F,30,1253.85,304.94,0,0.36,100.23,848.32,5,1,23
715,F,24,2234.04,713.21,347.15,13.61,579.45,580.63,5,3,23
716,M,21,978.26,366.64,1.12,0.16,268.93,341.41,5,5,70
717,F,67,2558.56,981.07,0,57.27,180.43,1339.8,2,6,8
718,F,23,239.48,99.32,2.27,0,0,137.89,4,4,104
719,F,69,2793.35,1545.92,38.19,1.9,257.07,950.26,1,2,15
720,M,34,3438.28,1098.55,20.67,10,1053.64,1255.42,2,7,39
721,F,70,2902.82,924.92,16.78,8.48,323.66,1628.98,1,3,18
722,M,43,4883.16,922.31,14.19,221.92,261.53,3463.2,6,8,2
723,F,70,1450.43,618.06,5.05,0,3.75,823.57,3,4,103
724,M,22,1888.37,421.66,78.27,46.56,678.94,662.94,1,2,54
725,M,59,433.33,298.97,14.66,11.82,15.46,92.42,2,7,57
726,F,59,146.23,52.14,0,0.2,0,93.89,4,5,138
727,M,64,1077.33,923.15,13.79,16.27,15.9,108.22,6,5,31
728,M,20,4644.81,874.31,2827.23,10.9,143.97,788.41,5,2,6
729,M,26,59.23,4.75,0,0,0,54.48,7,5,17
730,M,29,3218.17,1247.64,15.55,4.68,280.95,1669.35,4,8,5
731,F,59,842.31,310.81,233.97,13.61,74.69,209.23,5,4,61
732,M,49,5997.28,2760.47,0,4.62,728.75,2503.44,4,5,20
733,F,68,674.63,367.06,0,0,0,307.57,1,6,22
734,M,29,456.28,309.52,0.35,0,26.66,119.75,2,7,34
735,F,20,213.52,94.9,0,2.06,0,116.55,8,7,2
736,F,24,2181.22,782.62,1.15,0.46,0,1396.99,6,4,13
737,F,68,3182.83,1795.16,0,228.21,61.2,1098.26,1,2,6
738,M,60,3636.72,339.49,1480.38,0.55,386.84,1429.46,2,3,24
739,F,34,1574.95,388.67,847.26,0.32,102.43,236.27,2,6,66
740,M,51,5477.46,593.34,11.89,420,722.96,3729.26,4,3,17
741,M,18,1949.28,986.86,282.02,0.04,294.38,385.99,3,4,115
742,M,67,2296.03,627.77,0,1.23,25.81,1641.22,2,1,33
743,F,71,5720.83,1662.78,2362.35,12.74,707.46,975.5,2,5,1
744,M,27,114.09,4.97,13.36,0,0,95.76,3,6,92
745,M,47,5288.34,1831.54,1923.86,57.38,766.89,708.67,2,4,44
746,F,24,436.06,148.22,46.7,0,13.67,227.47,4,2,55
747,F,68,2984.48,276.68,0,1020.24,20.24,1667.32,1,4,15
748,M,26,1164.24,104.46,0,2.22,8.04,1049.52,5,7,29
749,F,20,1838.61,359.56,732.26,2,100.27,644.53,4,8,24
750,F,72,794.62,639.38,4.16,0.4,60.46,90.22,3,6,70
751,M,45,963.84,567.3,6.84,4.05,147.75,237.9,6,6,7
752,M,52,3417.67,1029.96,478.48,3.36,1045.44,860.43,6,4,6
753,M,24,127.62,3.43,0,1.05,0,123.14,6,4,57
754,F,42,6444.32,3152.06,1222.79,1.09,1131.27,937.12,1,4,50
755,F,66,1616.31,714.83,6.79,116.8,180.78,597.12,5,3,21
756,F,27,1809.53,926.25,1.78,160.27,169.67,551.56,4,7,44
757,F,73,2865.74,1932.96,0,12.74,504.72,415.32,1,6,12
758,F,60,237.57,0.3,0,1.21,0,236.06,4,5,132
759,F,48,3579.62,2084.32,18.64,32.08,477.14,967.44,1,4,74
760,F,55,4820.44,725.41,2977.58,23.99,159.7,933.76,1,7,25
761,F,59,240.22,91.53,0,0.06,0,148.63,3,4,131
762,F,68,2729.63,2122.15,52.29,0.56,5.11,549.52,1,6,16
763,M,72,4143.29,2188.21,44.59,52.62,80.81,1777.06,3,4,3
764,M,74,1450.57,692.17,154.19,2.1,143.15,458.96,2,4,24
765,M,34,1737,892.38,0,0.23,315.93,528.46,1,4,124
766,F,39,4975.73,2294.52,8,61.29,832.11,1779.82,5,3,18
767,F,54,1520.48,1183.51,0,13.6,193.81,129.55,1,3,61
768,M,37,4799.94,1463.49,145.46,48.88,2188.42,953.69,5,3,19
769,M,25,349.52,70.88,0,0,0,278.63,1,3,98
770,M,18,2227.36,1378.2,16.08,4.73,292.9,535.44,5,3,36
771,F,47,4213.62,553.25,3043.31,0.97,161.44,454.65,3,6,31
772,M,21,1350.15,932.35,0,5.15,229.07,183.58,6,5,23
773,M,64,2245.76,421.88,1408,8.83,183.67,223.37,6,10,2
774,F,43,2871.41,1546.24,89.12,0.84,89.28,1145.93,4,6,34
775,M,54,4586.52,2564.67,136.79,77.68,1594.73,212.64,6,6,1
776,M,32,2328.07,1141.69,65.86,0,262.08,858.44,2,7,41
777,F,56,3763.05,1338.15,5.18,0,953.79,1465.94,1,4,71
778,F,34,2230.03,828.57,20.5,4.77,272.48,1103.71,6,5,12
779,M,19,967.5,302.12,126.18,7.42,3.4,528.38,6,7,19
780,M,69,834.32,244.23,187.27,33.1,39.79,329.93,4,2,4
781,F,48,3293.13,1657.62,20.54,10.96,1046.84,557.16,2,4,74
782,M,44,5330.2,2296.25,26.03,1.42,2358.89,647.61,5,2,4
783,M,69,3031.09,1909.3,116.92,-0.2,266.85,738.22,3,4,9
784,M,24,1200.76,757.12,2.2,22.4,4.44,414.6,1,6,79
785,M,19,5233.41,2189.16,120.06,20.29,1332.87,1571.03,4,4,22
786,M,21,454.35,268.98,0,3,0,182.37,4,3,100
787,M,67,2840.32,1549.09,56.54,2.78,236.54,995.37,2,3,12
788,F,25,1907.99,1213.92,29.4,0.04,389.89,274.74,4,3,58
789,F,33,1480.24,1086.12,25.66,10,164.53,193.93,3,7,44
790,F,47,3271.99,1110.73,1315.24,26.13,256.56,563.33,2,4,75
791,M,71,2916.99,1175.62,33.8,12.87,599.29,1095.41,1,5,22
792,M,50,3550.94,892.61,0,747.43,18.98,1891.92,3,8,11
793,F,62,281.65,59.5,0,0.69,0,221.46,1,3,103
794,F,59,1807.61,960.87,86.36,0.51,276.12,483.74,4,2,6
795,F,22,579.26,19.18,149.03,2.38,0,408.69,6,2,21
796,F,62,279.1,3.64,0,0.75,0,274.71,7,4,19
797,F,63,2220.19,1429.37,10.4,18.08,295.03,467.3,5,3,24
798,F,44,4690.98,1530,700.66,353.35,1890.99,215.98,1,4,64
799,F,60,1045.7,815.65,4.48,12.08,19.69,193.79,5,1,25
800,F,29,3499.43,1921.99,197.33,4.2,324.27,1051.64,2,2,38
801,F,63,1075.24,271.17,0,0.8,90.8,712.47,2,6,71
802,M,27,1458.76,683.56,90.18,6.9,104.34,573.78,3,7,45
803,M,41,5509.52,1946.02,739.67,3.83,699.66,2120.33,2,3,65
804,M,58,1501.88,882.3,61.06,21.9,5.48,531.15,1,2,61
805,M,29,2592.49,1014.32,183.56,0,805.06,589.56,6,1,1
806,M,34,2098.29,1457.22,0,0.74,454.21,186.11,1,6,73
807,F,30,1709.15,921.84,393.85,0.24,5.81,387.41,3,4,96
808,M,53,3579.75,2153.77,10.11,20.9,69.07,1325.9,1,3,53
809,M,21,211.58,56.39,0,2.1,0,153.08,4,4,72
810,M,56,4157.97,2919.57,11.2,9.01,647.05,571.14,5,1,6
811,M,52,3445.14,1837.96,1054.34,53.96,220.65,278.23,3,4,53
812,M,68,1765.12,1064.14,8.44,40.89,176.71,474.95,1,4,122
813,M,44,3460.17,1685.92,29.72,15.23,293.11,1436.19,2,9,5
814,M,20,6141.89,3982.71,0,42.68,1179.09,937.42,2,8,12
815,F,23,277.75,1.91,0,0,0,275.84,6,10,4
816,F,28,1064.49,385.38,0,0.05,85.3,593.76,3,2,35
817,F,21,6049.43,2140.26,0,206.11,719.01,2984.05,4,4,16
818,M,44,3587.37,2044.09,4.56,29.04,872.27,637.41,4,4,28
819,M,25,2069.97,802.56,76.48,28.76,788.37,373.8,1,5,97
820,M,34,7045.41,3666.61,1392.14,0.24,692.11,1294.31,5,6,9
821,M,27,5093.48,2518.53,36,0,220.32,2318.63,3,4,31
822,M,28,4596.01,1643.54,8.26,0.46,1842.21,1101.54,3,5,34
823,F,27,1587.23,1025.31,0,18.01,96.65,447.26,1,5,81
824,F,21,100,7.73,0.52,0.2,0,91.55,5,4,82
825,F,19,1317.65,1118.74,22.44,0,26.83,149.65,4,3,73
826,M,67,2977.55,1913.9,23.29,1.55,257.08,781.72,3,8,2
827,F,19,516.79,309.25,81.01,0,0,126.53,6,4,43
828,M,59,467.64,102.57,2.91,0,0,362.16,6,1,12
829,M,55,3720.76,2561.53,0,52.11,667.62,439.5,3,4,47
830,F,30,3989.86,2125.05,58.48,10.39,552.02,1243.91,2,8,8
831,F,43,4342.16,1191.47,68.64,16.99,478.13,2586.92,2,4,55
832,F,70,1803.25,1138.53,49.75,62.58,118.83,433.55,2,2,58
833,F,53,4053.96,668.6,1.8,191.15,237.45,2954.96,2,1,16
834,F,53,5791.08,2071.32,320.33,68.36,3164.9,166.17,2,3,37
835,M,58,319.54,1.98,0,1.39,0,316.18,8,7,3
836,M,28,3536.65,1931.89,40.98,5.18,379.25,1179.35,2,4,69
837,M,30,3669.69,1509.14,15.99,0.1,699.69,1444.77,3,10,3
838,F,71,3339.8,1249.81,14.08,10.22,651.69,1414.01,1,7,8
839,F,68,3003.66,1615.43,102.4,1.03,549.25,735.56,3,5,8
840,F,21,1550.86,404.3,500.57,0.93,76.6,568.46,6,5,16
841,M,67,2237.11,381.07,0,2.77,111.9,1741.37,1,8,26
842,M,28,1060.33,495.84,116.42,4.58,111.65,331.84,4,3,74
843,M,51,343.22,38.41,98.02,0.52,0,206.27,4,4,11
844,F,23,1384.42,1078.68,0.59,17.2,53.05,234.89,4,6,82
845,M,72,2735.87,1248.87,1.82,28.68,353.27,1103.23,3,4,12
846,M,67,3587,1663.3,638.45,4.85,554.13,726.28,2,5,10
847,F,72,2834.74,1383.24,0.76,0,45.66,1405.08,1,9,2
848,F,18,2032.66,1225.86,360.57,0,60.3,385.94,4,5,74
849,M,51,1914.66,637.83,475.2,6.32,254.18,541.13,4,7,2
850,F,24,1898.62,1300.63,-38.4,19.46,359.61,257.32,4,3,59
851,M,40,2925.59,1669.2,1,10.27,998.53,246.59,1,3,70
852,M,61,210.25,102.62,0,1.72,0,105.91,5,4,80
853,F,38,4465.62,2971.75,0,1.62,835.93,656.32,1,8,22
854,F,50,2026.34,1001.92,692.11,1.08,186.73,144.51,2,3,59
855,F,35,5080.43,3303.9,0,23.48,1026.2,726.85,4,7,7
856,M,23,380.69,60.31,0,0.41,0,319.97,5,4,71
857,M,69,1862.09,908.03,96.08,0.4,77.51,780.07,7,7,3
858,F,41,484.29,112.92,0,4.27,0,367.1,5,4,23
859,F,39,6506.45,1454.81,250.25,48.24,3491.24,1261.9,2,7,17
860,F,70,4124.7,2056.19,3.68,0.22,732.68,1331.92,1,5,6
861,M,24,203.6,57.92,0,0,0,145.68,5,4,47
862,F,62,3322.61,2522.24,0,4.27,333.48,462.62,2,6,17
863,F,37,3647.03,2482.51,41.64,11.74,697.29,413.85,7,8,1
864,F,71,3134.3,1859.41,2.4,1.66,850.13,420.7,3,1,3
865,F,29,870.8,603.64,0,15.26,132.31,119.59,5,3,45
866,M,30,1900.03,1378.88,14.46,0.7,222.96,283.03,4,3,33
867,F,63,1399.27,60,15.55,486.4,21.67,815.64,4,5,105
868,M,63,1486.88,717.94,0,0.74,416.06,352.14,2,3,87
869,M,34,1840.74,419.06,889.55,1.21,29.98,500.94,1,2,55
870,M,69,808.14,397.07,13.6,0.91,125.52,271.03,1,5,38
871,F,61,3354.46,426.35,0,1272.41,40.05,1615.65,4,3,6
872,M,48,2044.26,1161.85,6.48,80.02,184.99,610.93,3,7,25
873,F,31,4090.87,1404.99,83.26,16.69,1385.45,1200.49,2,3,48
874,M,41,4299.35,433.72,3431.01,9.44,66.59,358.58,4,1,6
875,M,52,4490.22,700.82,2301.08,58.27,339.78,1090.26,5,5,16
876,M,67,2129.01,979.56,31.44,225.84,560.68,331.48,5,5,43
877,M,22,286.5,174.64,0,0,0,111.86,6,5,41
878,F,49,5168.15,2767.03,47.56,10.26,1304,1039.29,1,6,37
879,F,20,3550.76,2696.71,0,173.84,78.52,601.7,3,1,29
880,M,21,1412.62,1045.38,0,1.79,109.22,256.23,4,3,85
881,F,70,456.5,3.4,0,0.15,0,452.95,1,3,29
882,F,58,919.12,192.33,402.32,0.15,23.48,300.84,5,4,58
883,F,24,1707.23,1156.01,49.38,0.24,197.15,304.45,3,4,97
884,F,69,2361.06,1471.82,59.45,0.41,111.69,717.69,1,5,33
885,F,55,,,,,,,,,
886,M,23,1224.64,507.34,4.2,18.69,323.87,370.54,3,3,76
887,M,54,5764.56,2930.78,231,2.61,2195.77,404.39,4,2,8
888,F,22,1097.81,309.06,176.56,0.02,84.86,527.31,4,3,87
889,M,34,617.14,156.53,405.55,0,7.06,48,2,4,84
890,F,72,5894.95,1131.7,2699.74,3.25,858.52,1201.74,1,2,1
891,M,70,3006.95,1266.77,27.62,122.07,1444.89,145.6,2,3,8
892,M,21,132.46,8.39,0.1,0,0,123.97,6,3,42
893,M,20,1661.82,605.92,0,0,449.21,606.69,6,4,17
894,F,27,910.43,435.23,3.8,31.71,185.09,254.6,4,4,63
895,F,52,6609.27,5426.52,152.48,0.64,324.4,705.24,1,7,22
896,F,69,2902.13,1280.28,0,0.2,148.97,1472.67,3,7,2
897,M,58,770.43,378.97,0,0.45,100.37,290.65,3,5,91
898,M,18,582.9,249.35,85.12,0,8.4,240.03,6,4,41
899,M,55,156.51,11.92,0,0,0,144.58,4,3,1
900,M,35,2622.64,1276.58,16.12,0.71,448.59,880.64,5,5,24
901,F,48,5073.48,2747.58,0,18.73,1398.79,908.38,3,7,13
902,M,69,4306.88,2617.34,217.37,118.32,995.38,358.47,3,1,1
903,F,66,1954.65,1039.15,60.06,27.47,329.63,498.33,4,5,60
904,F,60,3458.47,1002.34,124.38,52.72,1240.19,1038.83,1,3,35
905,M,68,376.88,81.62,0,0.22,174.08,120.96,4,1,21
906,F,61,1529.29,681.38,49.52,0.19,537.85,260.36,6,2,11
907,F,27,1100.21,565.2,196.88,0.89,54.84,282.4,4,2,29
908,F,36,3730.44,2105.02,0,2.23,274.65,1348.54,5,2,8
909,M,39,4994.05,2214.57,4.4,1.2,774.29,1999.59,4,4,37
910,F,31,830.39,340.42,6.71,10.33,30.56,442.36,4,6,89
911,F,52,5438.49,2432.41,92.72,15.68,722.16,2175.53,1,4,58
912,F,68,3269.15,1818.61,0,2.05,476.74,971.75,3,4,6
913,M,70,1989.89,1321.37,0,1.43,95.59,571.5,1,4,103
914,F,67,206.19,9.88,0,2.17,0,194.14,5,6,6
915,M,38,114.77,33.16,0,0,0,81.61,4,4,70
916,M,20,,,,,,,,,
917,F,28,1662.16,417.44,279.89,1.12,15.17,948.55,7,7,5
918,M,18,2220.45,738.97,13.38,5.87,70.86,1391.38,2,3,82
919,M,21,506.17,92.15,4.99,0,0,409.03,5,8,26
920,F,18,1358.18,608.99,0,18.8,92.37,638.02,6,3,21
921,M,52,3085.29,1912.94,38.78,1.81,614.05,517.71,2,1,22
922,F,65,1667.64,859.67,0,2.41,350.81,454.76,7,6,6
923,M,34,2345.1,907.99,168.11,74.58,122.79,1071.63,3,6,57
924,F,34,1514.23,332.21,8.39,0.39,478.34,694.89,1,5,100
925,M,70,885.82,577.86,2.6,2.12,99.25,203.98,1,3,96
926,F,62,367.05,176.95,0,6.84,4.22,179.04,7,5,13
927,F,32,755.84,19.63,216,3.52,0,516.68,4,4,50
928,M,34,1386.93,884.34,9.2,16.53,336.78,140.09,1,3,92
929,F,64,287.46,54.12,3.71,0,0,229.63,6,4,51
930,M,27,876.05,99.53,290.86,1.26,0.8,483.6,5,4,59
931,M,32,2535.7,175.63,2081.88,0,0,278.2,3,7,40
932,M,27,624.17,56.6,0,0.49,0.38,566.7,5,6,47
933,M,62,907.86,359.69,0,10.6,155.34,382.22,2,7,56
934,F,56,4155.3,2821.02,9.59,4.92,608.12,711.64,1,4,69
935,F,67,2251.59,1336.55,4.85,2.57,449.97,457.66,3,5,70
936,F,63,2601.84,1239.31,46.49,15.27,617.31,683.47,2,5,29
937,M,25,1244.09,863.7,1.05,1.17,12.52,365.66,1,3,100
938,M,58,379.12,155.47,0,0,0,223.65,8,5,3
939,M,21,540.91,31.97,282.09,0.31,0,226.53,5,2,35
940,M,23,362.85,93.76,0,1.06,0,268.04,5,6,52
941,F,36,5741.63,1184.94,11.2,115.52,355.77,4074.2,2,7,19
942,M,58,2188.55,1286.97,9.8,8.43,219.36,663.98,4,5,104
943,M,20,2011.23,644.25,0,7.1,115.43,1244.45,2,2,57
944,M,21,190.51,13.07,0,0.12,0,177.32,6,2,28
945,M,76,2664.53,1386.44,823.63,0.56,196.8,257.11,2,5,17
946,F,69,2986.18,2384.29,0,1.85,349.69,250.35,2,1,3
947,M,20,1143.6,488.48,188.49,47.1,118.64,300.89,4,2,45
948,F,41,2962.37,1266.15,44.08,0.23,806.75,845.15,2,5,76
949,F,72,6403.11,678.48,5111.41,41.06,84.34,487.83,2,4,1
950,F,21,465.6,178.81,41.94,6.47,0,238.38,2,6,73
951,F,20,1102.8,450.84,40.61,93.87,394.09,123.39,2,8,27
952,F,22,408.04,39.78,0,0.99,0,367.27,4,4,94
953,M,68,815.31,108.74,159.6,3.21,14.08,529.67,1,5,37
954,M,22,559.57,93.42,128.39,2,0,335.76,1,7,58
955,F,67,5052.8,1348.27,16.35,0,931.52,2756.66,3,4,2
956,M,23,5471.48,3912.17,15.48,1.48,816.35,725.99,4,6,12
957,F,18,1289.48,379.99,16.76,1.83,121.93,768.96,7,1,2
958,F,34,417.46,67.75,0,1.3,2.01,346.4,4,9,4
959,M,61,508.5,292.64,0,5.2,0.79,209.87,2,4,127
960,M,21,501.27,161.13,0,35.93,0.04,304.17,4,5,118
961,M,19,2043.39,1223.71,1.9,0.99,85.34,731.44,9,4,2
962,F,66,3685.26,2167.45,0,21.13,947.2,549.47,2,5,9
963,F,39,3552.83,1800.04,841.14,40.08,236.34,635.23,1,4,75
964,F,58,4327.78,2167.18,32.89,4.3,662.94,1460.47,5,5,3
965,F,71,2639.9,1375.16,101.75,10.75,400.61,751.63,1,4,26
966,F,19,3505.61,1585.24,79.94,8.06,908.37,924,1,1,21
967,M,25,1854.22,393.55,558.3,0.15,42.77,859.45,2,7,48
968,M,37,3016.29,796.51,1085.96,27.81,688.62,417.4,8,8,1
969,M,23,4503.54,1859.69,113.03,0.36,805.16,1725.3,3,5,36
970,F,64,802.53,145,0,1.84,74.18,581.51,2,3,95
971,M,67,3517.26,1964.87,25.6,5.08,798.07,723.65,1,3,6
972,M,20,315.65,31.45,90.58,10.33,0,183.3,4,11,1
973,M,22,640.45,114.37,267.88,3.69,0.31,254.21,3,5,107
974,M,20,612.58,401.04,0.2,0,4.91,206.43,6,7,11
975,M,70,1790.18,1105.78,0,14.36,119.17,550.86,2,6,62
976,F,43,768.53,8.46,55.39,2.91,0,701.78,2,7,32
977,M,30,126.86,0,0,2,0,124.86,6,6,19
978,M,25,1463.47,945.58,0,1.82,135.26,380.81,1,6,66
979,F,35,1875.07,278.96,27.74,2.4,194.15,1371.81,6,5,13
980,M,30,1825.29,838.55,0,3.49,215.25,768,5,7,18
981,F,28,1108.58,732.92,0,89.02,19.03,267.6,6,5,30
982,F,31,1585.61,296.63,16.03,429.09,7.79,836.06,7,5,7
983,F,48,,,,,,,,,
984,M,51,5308.61,4079.41,26.91,8.34,760.08,433.87,3,7,12
985,F,22,282.55,21.8,0,4.84,0,255.91,3,6,87
986,F,71,5215.77,2572.46,1136.39,0.4,480.24,1026.27,2,9,2
987,M,58,225.59,51.85,0,1.52,0,172.23,3,6,88
988,F,44,2722.33,1432.24,17.76,0.6,202.29,1069.44,3,5,49
989,F,31,3859.13,1849.92,0,11.99,793.85,1203.37,2,5,56
990,F,28,4172.99,1603.97,0,37,310.22,2221.8,1,6,46
991,M,65,579.39,60.87,4.15,8.7,0,505.68,5,1,19
992,M,54,3599.02,2105.2,31.59,36.43,613.8,812,6,4,5
993,F,61,1065.78,531.51,0,0.6,221.56,312.11,3,5,100
994,F,52,432.95,119.46,0,18.72,16.81,277.96,1,1,26
995,M,69,2690.59,1982.36,0,85.4,212.23,410.6,2,2,11
996,F,72,2655.56,1713.59,0,9.26,228.96,703.75,2,8,2
997,F,24,2496.75,1097.71,43.41,355.34,93.24,907.05,4,3,43
998,M,19,257.05,0.1,0,0.8,0,256.15,5,6,58
999,F,68,3473.64,1150.04,37.41,1.04,784.03,1501.13,5,6,2
1000,F,43,3586.31,2522.8,0,2.3,341.06,720.16,1,6,50
1001,F,,1256.43,649.87,96.36,11.7,236.65,261.86,4,3,79
1002,F,,2226.91,997.87,77.06,35.71,492.68,623.59,5,2,16
1003,F,,3850.84,1818.1,453.72,116.55,1159.49,302.99,5,3,4
1004,F,,2239.92,1294.9,82.28,15.41,1.88,845.45,5,7,16
1005,M,,588.25,42.4,170.35,0.41,2.18,372.91,7,4,15
1006,M,,1127.04,592.3,209.41,40.84,72.6,211.89,6,8,10
1007,M,,3845.03,1995.56,148.86,16,965.14,719.47,5,5,20
1008,M,,1719.63,757.99,365.46,17.14,148.97,430.07,1,2,58
1009,,21,766.97,252.13,0,11.5,8.1,495.24,6,7,20
1010,,24,1650.73,903.07,133.58,1.22,104.54,508.32,5,5,51
1011,,24,597.99,279.96,7.98,8.88,12.17,289.01,3,4,126
1012,,47,5043.75,3285.57,1068.28,36.52,304.77,348.62,3,6,27
1013,,67,1514.17,1088.8,0,70.17,10.78,344.42,4,5,89
1014,,68,2635.48,1752.03,342.62,4.22,260.46,276.15,4,5,7
1015,,68,2430.27,1973.41,0,2.22,182.57,272.07,3,5,65
1016,,70,2853.38,1669.08,1.2,18.59,716.06,448.45,1,5,25
1017,,70,3128.7,2384.75,0,61.6,352.89,329.46,1,3,9
